[
  {
    "model": "admin.logentry",
    "pk": 1,
    "fields": {
      "action_time": "2025-06-01T05:28:36.415Z",
      "user": 1,
      "content_type": 7,
      "object_id": "1",
      "object_repr": "Software Engineer",
      "action_flag": 1,
      "change_message": "[{\"added\": {}}]"
    }
  },
  {
    "model": "admin.logentry",
    "pk": 2,
    "fields": {
      "action_time": "2025-06-01T05:29:42.754Z",
      "user": 1,
      "content_type": 7,
      "object_id": "2",
      "object_repr": "Senior Software Engineer",
      "action_flag": 1,
      "change_message": "[{\"added\": {}}]"
    }
  },
  {
    "model": "admin.logentry",
    "pk": 3,
    "fields": {
      "action_time": "2025-06-01T05:31:02.139Z",
      "user": 1,
      "content_type": 7,
      "object_id": "3",
      "object_repr": "Principal Software Engineer",
      "action_flag": 1,
      "change_message": "[{\"added\": {}}]"
    }
  },
  {
    "model": "admin.logentry",
    "pk": 4,
    "fields": {
      "action_time": "2025-06-01T05:31:49.634Z",
      "user": 1,
      "content_type": 7,
      "object_id": "4",
      "object_repr": "Director Of Engineering",
      "action_flag": 1,
      "change_message": "[{\"added\": {}}]"
    }
  },
  {
    "model": "admin.logentry",
    "pk": 5,
    "fields": {
      "action_time": "2025-06-01T05:32:51.032Z",
      "user": 1,
      "content_type": 8,
      "object_id": "1",
      "object_repr": "Comment by Hasan Raza on Software Engineer",
      "action_flag": 1,
      "change_message": "[{\"added\": {}}]"
    }
  },
  {
    "model": "admin.logentry",
    "pk": 6,
    "fields": {
      "action_time": "2025-06-02T05:27:26.049Z",
      "user": 1,
      "content_type": 8,
      "object_id": "2",
      "object_repr": "Comment by Ali Bhatti on Director Of Engineering",
      "action_flag": 3,
      "change_message": ""
    }
  },
  {
    "model": "admin.logentry",
    "pk": 8,
    "fields": {
      "action_time": "2025-06-02T05:32:08.738Z",
      "user": 1,
      "content_type": 8,
      "object_id": "1",
      "object_repr": "Comment by Hasan Raza on Software Engineer",
      "action_flag": 2,
      "change_message": "[{\"changed\": {\"fields\": [\"Active\"]}}]"
    }
  },
  {
    "model": "admin.logentry",
    "pk": 9,
    "fields": {
      "action_time": "2025-06-02T05:32:39.343Z",
      "user": 1,
      "content_type": 8,
      "object_id": "1",
      "object_repr": "Comment by Hasan Raza on Software Engineer",
      "action_flag": 2,
      "change_message": "[{\"changed\": {\"fields\": [\"Active\"]}}]"
    }
  },
  {
    "model": "admin.logentry",
    "pk": 10,
    "fields": {
      "action_time": "2025-06-03T06:45:03.834Z",
      "user": 1,
      "content_type": 9,
      "object_id": "3",
      "object_repr": "nabi",
      "action_flag": 2,
      "change_message": "[{\"added\": {\"name\": \"tagged item\", \"object\": \"Software Engineer tagged with nabi\"}}]"
    }
  },
  {
    "model": "admin.logentry",
    "pk": 11,
    "fields": {
      "action_time": "2025-06-03T06:47:10.268Z",
      "user": 1,
      "content_type": 7,
      "object_id": "1",
      "object_repr": "Software Engineer",
      "action_flag": 2,
      "change_message": "[{\"changed\": {\"fields\": [\"Tags\"]}}]"
    }
  },
  {
    "model": "admin.logentry",
    "pk": 12,
    "fields": {
      "action_time": "2025-06-03T06:47:40.107Z",
      "user": 1,
      "content_type": 7,
      "object_id": "1",
      "object_repr": "Software Engineer",
      "action_flag": 2,
      "change_message": "[{\"changed\": {\"fields\": [\"Tags\"]}}]"
    }
  },
  {
    "model": "admin.logentry",
    "pk": 13,
    "fields": {
      "action_time": "2025-06-03T06:53:29.856Z",
      "user": 1,
      "content_type": 7,
      "object_id": "2",
      "object_repr": "Senior Software Engineer",
      "action_flag": 2,
      "change_message": "[{\"changed\": {\"fields\": [\"Tags\"]}}]"
    }
  },
  {
    "model": "admin.logentry",
    "pk": 14,
    "fields": {
      "action_time": "2025-06-03T06:54:08.086Z",
      "user": 1,
      "content_type": 7,
      "object_id": "4",
      "object_repr": "Director Of Engineering",
      "action_flag": 2,
      "change_message": "[{\"changed\": {\"fields\": [\"Tags\"]}}]"
    }
  },
  {
    "model": "admin.logentry",
    "pk": 15,
    "fields": {
      "action_time": "2025-06-03T06:54:26.533Z",
      "user": 1,
      "content_type": 7,
      "object_id": "3",
      "object_repr": "Principal Software Engineer",
      "action_flag": 2,
      "change_message": "[{\"changed\": {\"fields\": [\"Tags\"]}}]"
    }
  },
  {
    "model": "admin.logentry",
    "pk": 16,
    "fields": {
      "action_time": "2025-06-03T08:52:25.359Z",
      "user": 1,
      "content_type": 7,
      "object_id": "1",
      "object_repr": "Software Engineer",
      "action_flag": 2,
      "change_message": "[{\"changed\": {\"fields\": [\"Tags\"]}}]"
    }
  },
  {
    "model": "admin.logentry",
    "pk": 17,
    "fields": {
      "action_time": "2025-06-03T08:52:41.457Z",
      "user": 1,
      "content_type": 7,
      "object_id": "2",
      "object_repr": "Senior Software Engineer",
      "action_flag": 2,
      "change_message": "[{\"changed\": {\"fields\": [\"Tags\"]}}]"
    }
  },
  {
    "model": "admin.logentry",
    "pk": 18,
    "fields": {
      "action_time": "2025-06-03T08:52:54.065Z",
      "user": 1,
      "content_type": 7,
      "object_id": "3",
      "object_repr": "Principal Software Engineer",
      "action_flag": 2,
      "change_message": "[{\"changed\": {\"fields\": [\"Tags\"]}}]"
    }
  },
  {
    "model": "admin.logentry",
    "pk": 19,
    "fields": {
      "action_time": "2025-06-03T08:53:11.903Z",
      "user": 1,
      "content_type": 7,
      "object_id": "4",
      "object_repr": "Director Of Engineering",
      "action_flag": 2,
      "change_message": "[{\"changed\": {\"fields\": [\"Tags\"]}}]"
    }
  },
  {
    "model": "admin.logentry",
    "pk": 20,
    "fields": {
      "action_time": "2025-06-03T08:55:54.169Z",
      "user": 1,
      "content_type": 7,
      "object_id": "1",
      "object_repr": "Software Engineer",
      "action_flag": 2,
      "change_message": "[]"
    }
  },
  {
    "model": "admin.logentry",
    "pk": 21,
    "fields": {
      "action_time": "2025-06-21T03:20:35.793Z",
      "user": 1,
      "content_type": 7,
      "object_id": "5",
      "object_repr": "Dentist",
      "action_flag": 1,
      "change_message": "[{\"added\": {}}]"
    }
  },
  {
    "model": "admin.logentry",
    "pk": 22,
    "fields": {
      "action_time": "2025-06-21T03:22:35.954Z",
      "user": 1,
      "content_type": 7,
      "object_id": "6",
      "object_repr": "Dental Doctor",
      "action_flag": 1,
      "change_message": "[{\"added\": {}}]"
    }
  },
  {
    "model": "admin.logentry",
    "pk": 23,
    "fields": {
      "action_time": "2025-06-21T03:25:12.903Z",
      "user": 1,
      "content_type": 7,
      "object_id": "7",
      "object_repr": "Dental Surgon",
      "action_flag": 1,
      "change_message": "[{\"added\": {}}]"
    }
  },
  {
    "model": "admin.logentry",
    "pk": 24,
    "fields": {
      "action_time": "2025-06-25T02:44:12.841Z",
      "user": 1,
      "content_type": 7,
      "object_id": "8",
      "object_repr": "Markdown post",
      "action_flag": 1,
      "change_message": "[{\"added\": {}}]"
    }
  },
  {
    "model": "admin.logentry",
    "pk": 25,
    "fields": {
      "action_time": "2025-06-25T04:58:11.905Z",
      "user": 1,
      "content_type": 11,
      "object_id": "1",
      "object_repr": "localhost:8000",
      "action_flag": 2,
      "change_message": "[{\"changed\": {\"fields\": [\"Domain name\", \"Display name\"]}}]"
    }
  },
  {
    "model": "auth.permission",
    "pk": 1,
    "fields": {
      "name": "Can add log entry",
      "content_type": 1,
      "codename": "add_logentry"
    }
  },
  {
    "model": "auth.permission",
    "pk": 2,
    "fields": {
      "name": "Can change log entry",
      "content_type": 1,
      "codename": "change_logentry"
    }
  },
  {
    "model": "auth.permission",
    "pk": 3,
    "fields": {
      "name": "Can delete log entry",
      "content_type": 1,
      "codename": "delete_logentry"
    }
  },
  {
    "model": "auth.permission",
    "pk": 4,
    "fields": {
      "name": "Can view log entry",
      "content_type": 1,
      "codename": "view_logentry"
    }
  },
  {
    "model": "auth.permission",
    "pk": 5,
    "fields": {
      "name": "Can add permission",
      "content_type": 2,
      "codename": "add_permission"
    }
  },
  {
    "model": "auth.permission",
    "pk": 6,
    "fields": {
      "name": "Can change permission",
      "content_type": 2,
      "codename": "change_permission"
    }
  },
  {
    "model": "auth.permission",
    "pk": 7,
    "fields": {
      "name": "Can delete permission",
      "content_type": 2,
      "codename": "delete_permission"
    }
  },
  {
    "model": "auth.permission",
    "pk": 8,
    "fields": {
      "name": "Can view permission",
      "content_type": 2,
      "codename": "view_permission"
    }
  },
  {
    "model": "auth.permission",
    "pk": 9,
    "fields": {
      "name": "Can add group",
      "content_type": 3,
      "codename": "add_group"
    }
  },
  {
    "model": "auth.permission",
    "pk": 10,
    "fields": {
      "name": "Can change group",
      "content_type": 3,
      "codename": "change_group"
    }
  },
  {
    "model": "auth.permission",
    "pk": 11,
    "fields": {
      "name": "Can delete group",
      "content_type": 3,
      "codename": "delete_group"
    }
  },
  {
    "model": "auth.permission",
    "pk": 12,
    "fields": {
      "name": "Can view group",
      "content_type": 3,
      "codename": "view_group"
    }
  },
  {
    "model": "auth.permission",
    "pk": 13,
    "fields": {
      "name": "Can add user",
      "content_type": 4,
      "codename": "add_user"
    }
  },
  {
    "model": "auth.permission",
    "pk": 14,
    "fields": {
      "name": "Can change user",
      "content_type": 4,
      "codename": "change_user"
    }
  },
  {
    "model": "auth.permission",
    "pk": 15,
    "fields": {
      "name": "Can delete user",
      "content_type": 4,
      "codename": "delete_user"
    }
  },
  {
    "model": "auth.permission",
    "pk": 16,
    "fields": {
      "name": "Can view user",
      "content_type": 4,
      "codename": "view_user"
    }
  },
  {
    "model": "auth.permission",
    "pk": 17,
    "fields": {
      "name": "Can add content type",
      "content_type": 5,
      "codename": "add_contenttype"
    }
  },
  {
    "model": "auth.permission",
    "pk": 18,
    "fields": {
      "name": "Can change content type",
      "content_type": 5,
      "codename": "change_contenttype"
    }
  },
  {
    "model": "auth.permission",
    "pk": 19,
    "fields": {
      "name": "Can delete content type",
      "content_type": 5,
      "codename": "delete_contenttype"
    }
  },
  {
    "model": "auth.permission",
    "pk": 20,
    "fields": {
      "name": "Can view content type",
      "content_type": 5,
      "codename": "view_contenttype"
    }
  },
  {
    "model": "auth.permission",
    "pk": 21,
    "fields": {
      "name": "Can add session",
      "content_type": 6,
      "codename": "add_session"
    }
  },
  {
    "model": "auth.permission",
    "pk": 22,
    "fields": {
      "name": "Can change session",
      "content_type": 6,
      "codename": "change_session"
    }
  },
  {
    "model": "auth.permission",
    "pk": 23,
    "fields": {
      "name": "Can delete session",
      "content_type": 6,
      "codename": "delete_session"
    }
  },
  {
    "model": "auth.permission",
    "pk": 24,
    "fields": {
      "name": "Can view session",
      "content_type": 6,
      "codename": "view_session"
    }
  },
  {
    "model": "auth.permission",
    "pk": 25,
    "fields": {
      "name": "Can add post",
      "content_type": 7,
      "codename": "add_post"
    }
  },
  {
    "model": "auth.permission",
    "pk": 26,
    "fields": {
      "name": "Can change post",
      "content_type": 7,
      "codename": "change_post"
    }
  },
  {
    "model": "auth.permission",
    "pk": 27,
    "fields": {
      "name": "Can delete post",
      "content_type": 7,
      "codename": "delete_post"
    }
  },
  {
    "model": "auth.permission",
    "pk": 28,
    "fields": {
      "name": "Can view post",
      "content_type": 7,
      "codename": "view_post"
    }
  },
  {
    "model": "auth.permission",
    "pk": 29,
    "fields": {
      "name": "Can add comment",
      "content_type": 8,
      "codename": "add_comment"
    }
  },
  {
    "model": "auth.permission",
    "pk": 30,
    "fields": {
      "name": "Can change comment",
      "content_type": 8,
      "codename": "change_comment"
    }
  },
  {
    "model": "auth.permission",
    "pk": 31,
    "fields": {
      "name": "Can delete comment",
      "content_type": 8,
      "codename": "delete_comment"
    }
  },
  {
    "model": "auth.permission",
    "pk": 32,
    "fields": {
      "name": "Can view comment",
      "content_type": 8,
      "codename": "view_comment"
    }
  },
  {
    "model": "auth.permission",
    "pk": 33,
    "fields": {
      "name": "Can add tag",
      "content_type": 9,
      "codename": "add_tag"
    }
  },
  {
    "model": "auth.permission",
    "pk": 34,
    "fields": {
      "name": "Can change tag",
      "content_type": 9,
      "codename": "change_tag"
    }
  },
  {
    "model": "auth.permission",
    "pk": 35,
    "fields": {
      "name": "Can delete tag",
      "content_type": 9,
      "codename": "delete_tag"
    }
  },
  {
    "model": "auth.permission",
    "pk": 36,
    "fields": {
      "name": "Can view tag",
      "content_type": 9,
      "codename": "view_tag"
    }
  },
  {
    "model": "auth.permission",
    "pk": 37,
    "fields": {
      "name": "Can add tagged item",
      "content_type": 10,
      "codename": "add_taggeditem"
    }
  },
  {
    "model": "auth.permission",
    "pk": 38,
    "fields": {
      "name": "Can change tagged item",
      "content_type": 10,
      "codename": "change_taggeditem"
    }
  },
  {
    "model": "auth.permission",
    "pk": 39,
    "fields": {
      "name": "Can delete tagged item",
      "content_type": 10,
      "codename": "delete_taggeditem"
    }
  },
  {
    "model": "auth.permission",
    "pk": 40,
    "fields": {
      "name": "Can view tagged item",
      "content_type": 10,
      "codename": "view_taggeditem"
    }
  },
  {
    "model": "auth.permission",
    "pk": 41,
    "fields": {
      "name": "Can add site",
      "content_type": 11,
      "codename": "add_site"
    }
  },
  {
    "model": "auth.permission",
    "pk": 42,
    "fields": {
      "name": "Can change site",
      "content_type": 11,
      "codename": "change_site"
    }
  },
  {
    "model": "auth.permission",
    "pk": 43,
    "fields": {
      "name": "Can delete site",
      "content_type": 11,
      "codename": "delete_site"
    }
  },
  {
    "model": "auth.permission",
    "pk": 44,
    "fields": {
      "name": "Can view site",
      "content_type": 11,
      "codename": "view_site"
    }
  },
  {
    "model": "auth.user",
    "pk": 1,
    "fields": {
      "password": "pbkdf2_sha256$870000$SPhCZo4Zpp37oAqZABflOw$HiHhMHc5NTEStpudWi1sz4B94oAfU88SXlEh+ozfHhk=",
      "last_login": "2025-06-21T03:18:05.649Z",
      "is_superuser": true,
      "username": "admin",
      "first_name": "",
      "last_name": "",
      "email": "",
      "is_staff": true,
      "is_active": true,
      "date_joined": "2025-06-01T05:26:56.899Z",
      "groups": [],
      "user_permissions": []
    }
  },
  {
    "model": "sessions.session",
    "pk": "hhojkt7j06lvoro1kd27thel4m9utt1o",
    "fields": {
      "session_data": ".eJxVjDsOwjAQBe_iGln-reOlpOcM1tre4ABypDipEHeHSCmgfTPzXiLStta4dV7iVMRZaHH63RLlB7cdlDu12yzz3NZlSnJX5EG7vM6Fn5fD_Tuo1Ou39tYjgAajWXnMDgaT2JDhQNYUpDEMyGMg0MFnyA6RrSrOJoPKekfi_QG6Azbz:1uLbDz:_SKFOsfVUgy9fhGDzQAV3oXT4hpaNi4VNWfJugXNyHA",
      "expire_date": "2025-06-15T05:27:11.920Z"
    }
  },
  {
    "model": "sessions.session",
    "pk": "v10q14nh02irmq11kt0pgbgepagimf2r",
    "fields": {
      "session_data": ".eJxVjDsOwjAQBe_iGln-reOlpOcM1tre4ABypDipEHeHSCmgfTPzXiLStta4dV7iVMRZaHH63RLlB7cdlDu12yzz3NZlSnJX5EG7vM6Fn5fD_Tuo1Ou39tYjgAajWXnMDgaT2JDhQNYUpDEMyGMg0MFnyA6RrSrOJoPKekfi_QG6Azbz:1uSok1:aw9xbe48oqrb-jeMQxnoulMb1tPdBhVg4imT0h8jycQ",
      "expire_date": "2025-07-05T03:18:05.655Z"
    }
  },
  {
    "model": "sites.site",
    "pk": 1,
    "fields": {
      "domain": "localhost:8000",
      "name": "localhost:8000"
    }
  },
  {
    "model": "blog.post",
    "pk": 1,
    "fields": {
      "title": "Software Engineer",
      "slug": "software-engineer",
      "author": 1,
      "body": "Hi I am a software engineer. THanks.",
      "publish": "2025-06-01T05:27:43Z",
      "created": "2025-06-01T05:28:36.412Z",
      "updated": "2025-06-03T08:55:54.159Z",
      "status": "PB"
    }
  },
  {
    "model": "blog.post",
    "pk": 2,
    "fields": {
      "title": "Senior Software Engineer",
      "slug": "senior-software-engineer",
      "author": 1,
      "body": "Hi There,\r\nI am a senior software engineer.\r\nThanks.",
      "publish": "2025-06-01T05:28:45Z",
      "created": "2025-06-01T05:29:42.751Z",
      "updated": "2025-06-03T08:52:41.440Z",
      "status": "PB"
    }
  },
  {
    "model": "blog.post",
    "pk": 3,
    "fields": {
      "title": "Principal Software Engineer",
      "slug": "principal-software-engineer",
      "author": 1,
      "body": "Hi There,\r\nI am a PSE and currently working for the fintech company.\r\nTHanks.",
      "publish": "2025-06-01T05:29:53Z",
      "created": "2025-06-01T05:31:02.136Z",
      "updated": "2025-06-03T08:52:54.043Z",
      "status": "PB"
    }
  },
  {
    "model": "blog.post",
    "pk": 4,
    "fields": {
      "title": "Director Of Engineering",
      "slug": "director-of-engineering",
      "author": 1,
      "body": "Hi I am a director of the engineering team. \r\nTHanks.",
      "publish": "2025-06-01T05:31:07Z",
      "created": "2025-06-01T05:31:49.631Z",
      "updated": "2025-06-03T08:53:11.889Z",
      "status": "PB"
    }
  },
  {
    "model": "blog.post",
    "pk": 5,
    "fields": {
      "title": "Dentist",
      "slug": "dentist",
      "author": 1,
      "body": "Hi, I am a dental consultant.",
      "publish": "2025-06-21T03:18:05Z",
      "created": "2025-06-21T03:20:35.780Z",
      "updated": "2025-06-21T03:20:35.780Z",
      "status": "PB"
    }
  },
  {
    "model": "blog.post",
    "pk": 6,
    "fields": {
      "title": "Dental Doctor",
      "slug": "dental-doctor",
      "author": 1,
      "body": "Hi, i am a dental consultant.",
      "publish": "2025-06-21T03:21:10Z",
      "created": "2025-06-21T03:22:35.947Z",
      "updated": "2025-06-21T03:22:35.947Z",
      "status": "PB"
    }
  },
  {
    "model": "blog.post",
    "pk": 7,
    "fields": {
      "title": "Dental Surgon",
      "slug": "dental-surgon",
      "author": 1,
      "body": "Hi i am dental surgon, feel free to reach out to me. thanks.",
      "publish": "2025-06-21T03:24:17Z",
      "created": "2025-06-21T03:25:12.893Z",
      "updated": "2025-06-21T03:25:12.893Z",
      "status": "PB"
    }
  },
  {
    "model": "blog.post",
    "pk": 8,
    "fields": {
      "title": "Markdown post",
      "slug": "markdown-post",
      "author": 1,
      "body": "This is a post formatted with markdown\r\n--------------------------------------\r\n\r\n*This is emphasized* and **this is more emphasized**.\r\n\r\nHere is a list:\r\n\r\n* One\r\n* Two\r\n* Three\r\n\r\nAnd a [link to the Django website](https://www.djangoproject.com/).",
      "publish": "2025-06-25T02:40:39Z",
      "created": "2025-06-25T02:44:12.824Z",
      "updated": "2025-06-25T02:44:12.824Z",
      "status": "PB"
    }
  },
  {
    "model": "blog.comment",
    "pk": 1,
    "fields": {
      "post": 1,
      "name": "Hasan Raza",
      "email": "hasan.raza@gmail.com",
      "body": "The article is awesome. thanks.",
      "created": "2025-06-01T05:32:51.030Z",
      "updated": "2025-06-02T05:32:39.341Z",
      "active": false
    }
  },
  {
    "model": "blog.comment",
    "pk": 3,
    "fields": {
      "post": 4,
      "name": "Ali Bhatti",
      "email": "ali.bhatti@gmail.com",
      "body": "This article/post gives us the meaningful insights on how to become a director of engineering.!!!",
      "created": "2025-06-02T05:20:04.422Z",
      "updated": "2025-06-02T05:20:04.423Z",
      "active": true
    }
  },
  {
    "model": "blog.comment",
    "pk": 4,
    "fields": {
      "post": 1,
      "name": "Tamoor Khan",
      "email": "tamoor.khan@gmail.com",
      "body": "I love this article!!!",
      "created": "2025-06-02T05:24:29.940Z",
      "updated": "2025-06-02T05:24:29.940Z",
      "active": true
    }
  },
  {
    "model": "blog.comment",
    "pk": 5,
    "fields": {
      "post": 3,
      "name": "Zeeshan",
      "email": "zeeshan@gmail.com",
      "body": "I am a principal software engineer at a fintech.\r\nThanks.",
      "created": "2025-06-02T05:25:51.709Z",
      "updated": "2025-06-02T05:25:51.710Z",
      "active": true
    }
  },
  {
    "model": "taggit.tag",
    "pk": 1,
    "fields": {
      "name": "quran",
      "slug": "quran"
    }
  },
  {
    "model": "taggit.tag",
    "pk": 2,
    "fields": {
      "name": "allah",
      "slug": "allah"
    }
  },
  {
    "model": "taggit.tag",
    "pk": 3,
    "fields": {
      "name": "nabi",
      "slug": "nabi"
    }
  },
  {
    "model": "taggit.tag",
    "pk": 4,
    "fields": {
      "name": "Engr.",
      "slug": "engr"
    }
  },
  {
    "model": "taggit.tag",
    "pk": 5,
    "fields": {
      "name": "Senior",
      "slug": "senior"
    }
  },
  {
    "model": "taggit.tag",
    "pk": 6,
    "fields": {
      "name": "Dire",
      "slug": "dire"
    }
  },
  {
    "model": "taggit.tag",
    "pk": 7,
    "fields": {
      "name": "engring",
      "slug": "engring"
    }
  },
  {
    "model": "taggit.tag",
    "pk": 8,
    "fields": {
      "name": "of",
      "slug": "of"
    }
  },
  {
    "model": "taggit.tag",
    "pk": 9,
    "fields": {
      "name": "Prin",
      "slug": "prin"
    }
  },
  {
    "model": "taggit.tag",
    "pk": 10,
    "fields": {
      "name": "engr",
      "slug": "engr_1"
    }
  },
  {
    "model": "taggit.tag",
    "pk": 11,
    "fields": {
      "name": "srengr",
      "slug": "srengr"
    }
  },
  {
    "model": "taggit.tag",
    "pk": 12,
    "fields": {
      "name": "prengr",
      "slug": "prengr"
    }
  },
  {
    "model": "taggit.tag",
    "pk": 13,
    "fields": {
      "name": "drengr",
      "slug": "drengr"
    }
  },
  {
    "model": "taggit.tag",
    "pk": 14,
    "fields": {
      "name": "consultant",
      "slug": "consultant"
    }
  },
  {
    "model": "taggit.tag",
    "pk": 15,
    "fields": {
      "name": "specialized",
      "slug": "specialized"
    }
  },
  {
    "model": "taggit.tag",
    "pk": 16,
    "fields": {
      "name": "dental",
      "slug": "dental"
    }
  },
  {
    "model": "taggit.tag",
    "pk": 17,
    "fields": {
      "name": "markdown",
      "slug": "markdown"
    }
  },
  {
    "model": "taggit.taggeditem",
    "pk": 13,
    "fields": {
      "tag": 10,
      "content_type": 7,
      "object_id": 1
    }
  },
  {
    "model": "taggit.taggeditem",
    "pk": 14,
    "fields": {
      "tag": 11,
      "content_type": 7,
      "object_id": 2
    }
  },
  {
    "model": "taggit.taggeditem",
    "pk": 15,
    "fields": {
      "tag": 12,
      "content_type": 7,
      "object_id": 3
    }
  },
  {
    "model": "taggit.taggeditem",
    "pk": 16,
    "fields": {
      "tag": 13,
      "content_type": 7,
      "object_id": 4
    }
  },
  {
    "model": "taggit.taggeditem",
    "pk": 17,
    "fields": {
      "tag": 14,
      "content_type": 7,
      "object_id": 5
    }
  },
  {
    "model": "taggit.taggeditem",
    "pk": 18,
    "fields": {
      "tag": 15,
      "content_type": 7,
      "object_id": 5
    }
  },
  {
    "model": "taggit.taggeditem",
    "pk": 19,
    "fields": {
      "tag": 14,
      "content_type": 7,
      "object_id": 6
    }
  },
  {
    "model": "taggit.taggeditem",
    "pk": 20,
    "fields": {
      "tag": 14,
      "content_type": 7,
      "object_id": 7
    }
  },
  {
    "model": "taggit.taggeditem",
    "pk": 21,
    "fields": {
      "tag": 16,
      "content_type": 7,
      "object_id": 7
    }
  },
  {
    "model": "taggit.taggeditem",
    "pk": 22,
    "fields": {
      "tag": 15,
      "content_type": 7,
      "object_id": 7
    }
  },
  {
    "model": "taggit.taggeditem",
    "pk": 23,
    "fields": {
      "tag": 17,
      "content_type": 7,
      "object_id": 8
    }
  }
]